Jean Dupont,Marie Dupont
Jean Dupont,Pierre Dupont
Marie Martin,Sophie Martin
Marie Martin,Paul Martin
Marie Martin,Claire Dubois
Antoine Moreau,Isabelle Moreau
Antoine Moreau,François Moreau
Sophie Bernard,Michel Bernard
Sophie Bernard,Anne Bernard
Sophie Bernard,Thomas Bernard
Sophie Bernard,Julie Bernard
Lucas Petit,Nathalie Petit
Lucas Petit,David Petit
Emma Durand,Catherine Durand
Emma Durand,Vincent Durand
Emma Durand,Camille Durand
Maxime Leroy,Sylvie Leroy
Maxime Leroy,Olivier Leroy
Chloe Roux,Patricia Roux
Chloe Roux,Eric Roux
Chloe Roux,Marine Roux
Nathan Fournier,Brigitte Fournier
Nathan Fournier,Alain Fournier
Manon Girard,Monique Girard
Manon Girard,Henri Girard
Hugo Blanc,Françoise Blanc
Hugo Blanc,Marcel Blanc
Hugo Blanc,Lucie Blanc
Lea Simon,Danielle Simon
Lea Simon,Robert Simon